Test_ID,Cement,Slag,Flyash,Water,SuperPlasticizer,CoarseAggregate,FineAggregate,Age,CSinMPa
C3417,540,0,0,162,2.5,1040,676,28,79.99
P7675,540,0,0,162,2.5,1055,676,28,61.89
Y5697,332.5,142.5,0,228,0,932,594,270,40.27
R3821,332.5,142.5,0,228,0,932,594,365,41.05
P3773,198.6,132.4,0,192,0,978.4,825.5,360,44.3
F3999,266,114,0,228,0,932,670,90,47.03
H4483,380,95,0,228,0,932,594,365,43.7
R9818,380,95,0,228,0,932,594,28,36.45
Y7731,266,114,0,228,0,932,670,28,45.85
R2464,475,0,0,228,0,932,594,28,39.29
M1307,198.6,132.4,0,192,0,978.4,825.5,90,38.07
I6640,198.6,132.4,0,192,0,978.4,825.5,28,28.02
F3122,427.5,47.5,0,228,0,932,594,270,43.01
T9627,190,190,0,228,0,932,670,90,42.33
C8371,304,76,0,228,0,932,670,28,47.81
E7170,380,0,0,228,0,932,670,90,52.91
F7961,139.6,209.4,0,192,0,1047,806.9,90,39.36
U8356,342,38,0,228,0,932,670,365,56.14
G3334,380,95,0,228,0,932,594,90,40.56
G1786,475,0,0,228,0,932,594,180,42.62
F6242,427.5,47.5,0,228,0,932,594,180,41.84
A7952,139.6,209.4,0,192,0,1047,806.9,28,28.24
Y5998,139.6,209.4,0,192,0,1047,806.9,3,8.06
Q6882,139.6,209.4,0,192,0,1047,806.9,180,44.21
Y6373,380,0,0,228,0,932,670,365,52.52
Q2491,380,0,0,228,0,932,670,270,53.3
Z9179,380,95,0,228,0,932,594,270,41.15
R9254,342,38,0,228,0,932,670,180,52.12
U7662,427.5,47.5,0,228,0,932,594,28,37.43
R7553,475,0,0,228,0,932,594,7,38.6
N1649,304,76,0,228,0,932,670,365,55.26
S9291,266,114,0,228,0,932,670,365,52.91
J7035,198.6,132.4,0,192,0,978.4,825.5,180,41.72
W2512,475,0,0,228,0,932,594,270,42.13
C8126,190,190,0,228,0,932,670,365,53.69
D3884,237.5,237.5,0,228,0,932,594,270,38.41
D4846,237.5,237.5,0,228,0,932,594,28,30.08
X9363,332.5,142.5,0,228,0,932,594,90,37.72
J5460,475,0,0,228,0,932,594,90,42.23
J5515,237.5,237.5,0,228,0,932,594,180,36.25
S2726,342,38,0,228,0,932,670,90,50.46
K7156,427.5,47.5,0,228,0,932,594,365,43.7
D7254,237.5,237.5,0,228,0,932,594,365,39
Z4508,380,0,0,228,0,932,670,180,53.1
J9154,427.5,47.5,0,228,0,932,594,90,41.54
K2699,427.5,47.5,0,228,0,932,594,7,35.08
F8005,349,0,0,192,0,1047,806.9,3,15.05
A2460,380,95,0,228,0,932,594,180,40.76
N9116,237.5,237.5,0,228,0,932,594,7,26.26
C3152,380,95,0,228,0,932,594,7,32.82
Y7227,332.5,142.5,0,228,0,932,594,180,39.78
K8511,190,190,0,228,0,932,670,180,46.93
Q2726,237.5,237.5,0,228,0,932,594,90,33.12
Q9634,304,76,0,228,0,932,670,90,49.19
F3315,139.6,209.4,0,192,0,1047,806.9,7,14.59
U4664,198.6,132.4,0,192,0,978.4,825.5,7,14.64
B1865,475,0,0,228,0,932,594,365,41.93
V4365,198.6,132.4,0,192,0,978.4,825.5,3,9.13
W3028,304,76,0,228,0,932,670,180,50.95
Z6376,332.5,142.5,0,228,0,932,594,28,33.02
A4780,304,76,0,228,0,932,670,270,54.38
Y3472,266,114,0,228,0,932,670,270,51.73
Q3007,310,0,0,192,0,971,850.6,3,9.87
X8091,190,190,0,228,0,932,670,270,50.66
D8367,266,114,0,228,0,932,670,180,48.7
B9674,342,38,0,228,0,932,670,270,55.06
P6582,139.6,209.4,0,192,0,1047,806.9,360,44.7
A2056,332.5,142.5,0,228,0,932,594,7,30.28
M1876,190,190,0,228,0,932,670,28,40.86
C6201,485,0,0,146,0,1120,800,28,71.99
W2141,374,189.2,0,170.1,10.1,926.1,756.7,3,34.4
W8644,313.3,262.2,0,175.5,8.6,1046.9,611.8,3,28.8
J8538,425,106.3,0,153.5,16.5,852.1,887.1,3,33.4
P9064,425,106.3,0,151.4,18.6,936,803.7,3,36.3
Y2069,375,93.8,0,126.6,23.4,852.1,992.6,3,29
Y8866,475,118.8,0,181.1,8.9,852.1,781.5,3,37.8
M4624,469,117.2,0,137.8,32.2,852.1,840.5,3,40.2
D4627,425,106.3,0,153.5,16.5,852.1,887.1,3,33.4
M6073,388.6,97.1,0,157.9,12.1,852.1,925.7,3,28.1
Y8839,531.3,0,0,141.8,28.2,852.1,893.7,3,41.3
G5376,425,106.3,0,153.5,16.5,852.1,887.1,3,33.4
R6728,318.8,212.5,0,155.7,14.3,852.1,880.4,3,25.2
U3672,401.8,94.7,0,147.4,11.4,946.8,852.1,3,41.1
O7744,362.6,189,0,164.9,11.6,944.7,755.8,3,35.3
J9099,323.7,282.8,0,183.8,10.3,942.7,659.9,3,28.3
I8410,379.5,151.2,0,153.9,15.9,1134.3,605,3,28.6
M6095,362.6,189,0,164.9,11.6,944.7,755.8,3,35.3
L5345,286.3,200.9,0,144.7,11.2,1004.6,803.7,3,24.4
K4941,362.6,189,0,164.9,11.6,944.7,755.8,3,35.3
Z9203,439,177,0,186,11.1,884.9,707.9,3,39.3
A8434,389.9,189,0,145.9,22,944.7,755.8,3,40.6
D6476,362.6,189,0,164.9,11.6,944.7,755.8,3,35.3
M1182,337.9,189,0,174.9,9.5,944.7,755.8,3,24.1
V3772,374,189.2,0,170.1,10.1,926.1,756.7,7,46.2
L2907,313.3,262.2,0,175.5,8.6,1046.9,611.8,7,42.8
M1494,425,106.3,0,153.5,16.5,852.1,887.1,7,49.2
V7262,425,106.3,0,151.4,18.6,936,803.7,7,46.8
C9556,375,93.8,0,126.6,23.4,852.1,992.6,7,45.7
I5586,475,118.8,0,181.1,8.9,852.1,781.5,7,55.6
E8019,469,117.2,0,137.8,32.2,852.1,840.5,7,54.9
Y2216,425,106.3,0,153.5,16.5,852.1,887.1,7,49.2
E5625,388.6,97.1,0,157.9,12.1,852.1,925.7,7,34.9
N6104,531.3,0,0,141.8,28.2,852.1,893.7,7,46.9
V5257,425,106.3,0,153.5,16.5,852.1,887.1,7,49.2
C2657,318.8,212.5,0,155.7,14.3,852.1,880.4,7,33.4
E8006,401.8,94.7,0,147.4,11.4,946.8,852.1,7,54.1
F1618,362.6,189,0,164.9,11.6,944.7,755.8,7,55.9
L4020,323.7,282.8,0,183.8,10.3,942.7,659.9,7,49.8
E3862,379.5,151.2,0,153.9,15.9,1134.3,605,7,47.1
H1517,362.6,189,0,164.9,11.6,944.7,755.8,7,55.9
F8936,286.3,200.9,0,144.7,11.2,1004.6,803.7,7,38
Z1671,362.6,189,0,164.9,11.6,944.7,755.8,7,55.9
I8164,439,177,0,186,11.1,884.9,707.9,7,56.1
A6235,389.9,189,0,145.9,22,944.7,755.8,7,59.09
V1287,362.6,189,0,164.9,11.6,944.7,755.8,7,22.9
H1655,337.9,189,0,174.9,9.5,944.7,755.8,7,35.1
P2908,374,189.2,0,170.1,10.1,926.1,756.7,28,61.09
Z4274,313.3,262.2,0,175.5,8.6,1046.9,611.8,28,59.8
V3702,425,106.3,0,153.5,16.5,852.1,887.1,28,60.29
Z2946,425,106.3,0,151.4,18.6,936,803.7,28,61.8
S2125,375,93.8,0,126.6,23.4,852.1,992.6,28,56.7
X6777,475,118.8,0,181.1,8.9,852.1,781.5,28,68.3
O8569,469,117.2,0,137.8,32.2,852.1,840.5,28,66.9
C8993,425,106.3,0,153.5,16.5,852.1,887.1,28,60.29
L2496,388.6,97.1,0,157.9,12.1,852.1,925.7,28,50.7
Q3786,531.3,0,0,141.8,28.2,852.1,893.7,28,56.4
N7424,425,106.3,0,153.5,16.5,852.1,887.1,28,60.29
I3785,318.8,212.5,0,155.7,14.3,852.1,880.4,28,55.5
Q2455,401.8,94.7,0,147.4,11.4,946.8,852.1,28,68.5
J1266,362.6,189,0,164.9,11.6,944.7,755.8,28,71.3
A5222,323.7,282.8,0,183.8,10.3,942.7,659.9,28,74.7
E4018,379.5,151.2,0,153.9,15.9,1134.3,605,28,52.2
H2887,362.6,189,0,164.9,11.6,944.7,755.8,28,71.3
H9773,286.3,200.9,0,144.7,11.2,1004.6,803.7,28,67.7
S6270,362.6,189,0,164.9,11.6,944.7,755.8,28,71.3
N9889,439,177,0,186,11.1,884.9,707.9,28,66
Y3395,389.9,189,0,145.9,22,944.7,755.8,28,74.5
W3155,362.6,189,0,164.9,11.6,944.7,755.8,28,71.3
K8970,337.9,189,0,174.9,9.5,944.7,755.8,28,49.9
T6248,374,189.2,0,170.1,10.1,926.1,756.7,56,63.4
H8708,313.3,262.2,0,175.5,8.6,1046.9,611.8,56,64.9
W6735,425,106.3,0,153.5,16.5,852.1,887.1,56,64.3
R4683,425,106.3,0,151.4,18.6,936,803.7,56,64.9
C4512,375,93.8,0,126.6,23.4,852.1,992.6,56,60.2
C1524,475,118.8,0,181.1,8.9,852.1,781.5,56,72.3
Z1219,469,117.2,0,137.8,32.2,852.1,840.5,56,69.3
J2865,425,106.3,0,153.5,16.5,852.1,887.1,56,64.3
I6803,388.6,97.1,0,157.9,12.1,852.1,925.7,56,55.2
Q8843,531.3,0,0,141.8,28.2,852.1,893.7,56,58.8
Y5282,425,106.3,0,153.5,16.5,852.1,887.1,56,64.3
O8657,318.8,212.5,0,155.7,14.3,852.1,880.4,56,66.1
Z6841,401.8,94.7,0,147.4,11.4,946.8,852.1,56,73.7
O6278,362.6,189,0,164.9,11.6,944.7,755.8,56,77.3
D3560,323.7,282.8,0,183.8,10.3,942.7,659.9,56,80.2
G9779,379.5,151.2,0,153.9,15.9,1134.3,605,56,54.9
Z8764,362.6,189,0,164.9,11.6,944.7,755.8,56,77.3
A6725,286.3,200.9,0,144.7,11.2,1004.6,803.7,56,72.99
Q1652,362.6,189,0,164.9,11.6,944.7,755.8,56,77.3
P1299,439,177,0,186,11.1,884.9,707.9,56,71.7
E1592,389.9,189,0,145.9,22,944.7,755.8,56,79.4
O5877,362.6,189,0,164.9,11.6,944.7,755.8,56,77.3
W4715,337.9,189,0,174.9,9.5,944.7,755.8,56,59.89
A2193,374,189.2,0,170.1,10.1,926.1,756.7,91,64.9
E1962,313.3,262.2,0,175.5,8.6,1046.9,611.8,91,66.6
R9344,425,106.3,0,153.5,16.5,852.1,887.1,91,65.2
L9669,425,106.3,0,151.4,18.6,936,803.7,91,66.7
I9219,375,93.8,0,126.6,23.4,852.1,992.6,91,62.5
O3738,475,118.8,0,181.1,8.9,852.1,781.5,91,74.19
I7254,469,117.2,0,137.8,32.2,852.1,840.5,91,70.7
A2963,425,106.3,0,153.5,16.5,852.1,887.1,91,65.2
Z9532,388.6,97.1,0,157.9,12.1,852.1,925.7,91,57.6
M3096,531.3,0,0,141.8,28.2,852.1,893.7,91,59.2
Z8705,425,106.3,0,153.5,16.5,852.1,887.1,91,65.2
B9064,318.8,212.5,0,155.7,14.3,852.1,880.4,91,68.1
V1617,401.8,94.7,0,147.4,11.4,946.8,852.1,91,75.5
S9915,362.6,189,0,164.9,11.6,944.7,755.8,91,79.3
G9527,379.5,151.2,0,153.9,15.9,1134.3,605,91,56.5
Z7300,362.6,189,0,164.9,11.6,944.7,755.8,91,79.3
Q5783,286.3,200.9,0,144.7,11.2,1004.6,803.7,91,76.8
M3914,362.6,189,0,164.9,11.6,944.7,755.8,91,79.3
V6861,439,177,0,186,11.1,884.9,707.9,91,73.3
Q6549,389.9,189,0,145.9,22,944.7,755.8,91,82.6
P4663,362.6,189,0,164.9,11.6,944.7,755.8,91,79.3
M3521,337.9,189,0,174.9,9.5,944.7,755.8,91,67.8
E1731,222.4,0,96.7,189.3,4.5,967.1,870.3,3,11.58
J4170,222.4,0,96.7,189.3,4.5,967.1,870.3,14,24.45
L2125,222.4,0,96.7,189.3,4.5,967.1,870.3,28,24.89
D6587,222.4,0,96.7,189.3,4.5,967.1,870.3,56,29.45
L5333,222.4,0,96.7,189.3,4.5,967.1,870.3,100,40.71
W9020,233.8,0,94.6,197.9,4.6,947,852.2,3,10.38
P5276,233.8,0,94.6,197.9,4.6,947,852.2,14,22.14
B8383,233.8,0,94.6,197.9,4.6,947,852.2,28,22.84
G4222,233.8,0,94.6,197.9,4.6,947,852.2,56,27.66
N1357,233.8,0,94.6,197.9,4.6,947,852.2,100,34.56
Z3856,194.7,0,100.5,165.6,7.5,1006.4,905.9,3,12.45
A9499,194.7,0,100.5,165.6,7.5,1006.4,905.9,14,24.99
Q9275,194.7,0,100.5,165.6,7.5,1006.4,905.9,28,25.72
A4316,194.7,0,100.5,165.6,7.5,1006.4,905.9,56,33.96
Y7497,194.7,0,100.5,165.6,7.5,1006.4,905.9,100,37.34
W6781,190.7,0,125.4,162.1,7.8,1090,804,3,15.04
W4587,190.7,0,125.4,162.1,7.8,1090,804,14,21.06
S6461,190.7,0,125.4,162.1,7.8,1090,804,28,26.4
H6491,190.7,0,125.4,162.1,7.8,1090,804,56,35.34
F2639,190.7,0,125.4,162.1,7.8,1090,804,100,40.57
L6152,212.1,0,121.6,180.3,5.7,1057.6,779.3,3,12.47
R8763,212.1,0,121.6,180.3,5.7,1057.6,779.3,14,20.92
L8298,212.1,0,121.6,180.3,5.7,1057.6,779.3,28,24.9
F9183,212.1,0,121.6,180.3,5.7,1057.6,779.3,56,34.2
R3566,212.1,0,121.6,180.3,5.7,1057.6,779.3,100,39.61
D5581,230,0,118.3,195.5,4.6,1029.4,758.6,3,10.03
S9331,230,0,118.3,195.5,4.6,1029.4,758.6,14,20.08
H6379,230,0,118.3,195.5,4.6,1029.4,758.6,28,24.48
I9754,230,0,118.3,195.5,4.6,1029.4,758.6,56,31.54
H3344,230,0,118.3,195.5,4.6,1029.4,758.6,100,35.34
K9365,190.3,0,125.2,161.9,9.9,1088.1,802.6,3,9.45
X1079,190.3,0,125.2,161.9,9.9,1088.1,802.6,14,22.72
M5615,190.3,0,125.2,161.9,9.9,1088.1,802.6,28,28.47
M4620,190.3,0,125.2,161.9,9.9,1088.1,802.6,56,38.56
T4009,190.3,0,125.2,161.9,9.9,1088.1,802.6,100,40.39
S8467,166.1,0,163.3,176.5,4.5,1058.6,780.1,3,10.76
G9552,166.1,0,163.3,176.5,4.5,1058.6,780.1,14,25.48
D4536,166.1,0,163.3,176.5,4.5,1058.6,780.1,28,21.54
G9625,166.1,0,163.3,176.5,4.5,1058.6,780.1,56,28.63
N6868,166.1,0,163.3,176.5,4.5,1058.6,780.1,100,33.54
N5285,168,42.1,163.8,121.8,5.7,1058.7,780.1,3,7.75
M3764,168,42.1,163.8,121.8,5.7,1058.7,780.1,14,17.82
J7362,168,42.1,163.8,121.8,5.7,1058.7,780.1,28,24.24
V9570,168,42.1,163.8,121.8,5.7,1058.7,780.1,56,32.85
S1711,168,42.1,163.8,121.8,5.7,1058.7,780.1,100,39.23
H5325,213.7,98.1,24.5,181.7,6.9,1065.8,785.4,3,18
R3548,213.7,98.1,24.5,181.7,6.9,1065.8,785.4,14,30.39
T5422,213.7,98.1,24.5,181.7,6.9,1065.8,785.4,28,45.71
B6913,213.7,98.1,24.5,181.7,6.9,1065.8,785.4,56,50.77
F1966,213.7,98.1,24.5,181.7,6.9,1065.8,785.4,100,53.9
K4753,213.8,98.1,24.5,181.7,6.7,1066,785.5,3,13.18
M9326,213.8,98.1,24.5,181.7,6.7,1066,785.5,14,17.84
I2006,213.8,98.1,24.5,181.7,6.7,1066,785.5,28,40.23
Y7028,213.8,98.1,24.5,181.7,6.7,1066,785.5,56,47.13
T7679,213.8,98.1,24.5,181.7,6.7,1066,785.5,100,49.97
T9869,229.7,0,118.2,195.2,6.1,1028.1,757.6,3,13.36
W7472,229.7,0,118.2,195.2,6.1,1028.1,757.6,14,22.32
O9488,229.7,0,118.2,195.2,6.1,1028.1,757.6,28,24.54
S3468,229.7,0,118.2,195.2,6.1,1028.1,757.6,56,31.35
U4598,229.7,0,118.2,195.2,6.1,1028.1,757.6,100,40.86
H1639,238.1,0,94.1,186.7,7,949.9,847,3,19.93
L3167,238.1,0,94.1,186.7,7,949.9,847,14,25.69
R6517,238.1,0,94.1,186.7,7,949.9,847,28,30.23
J8614,238.1,0,94.1,186.7,7,949.9,847,56,39.59
F7265,238.1,0,94.1,186.7,7,949.9,847,100,44.3
V7148,250,0,95.7,187.4,5.5,956.9,861.2,3,13.82
X1642,250,0,95.7,187.4,5.5,956.9,861.2,14,24.92
C4946,250,0,95.7,187.4,5.5,956.9,861.2,28,29.22
Y7388,250,0,95.7,187.4,5.5,956.9,861.2,56,38.33
F5607,250,0,95.7,187.4,5.5,956.9,861.2,100,42.35
R3619,212.5,0,100.4,159.3,8.7,1007.8,903.6,3,13.54
E4233,212.5,0,100.4,159.3,8.7,1007.8,903.6,14,26.31
V6577,212.5,0,100.4,159.3,8.7,1007.8,903.6,28,31.64
F3492,212.5,0,100.4,159.3,8.7,1007.8,903.6,56,42.55
V3591,212.5,0,100.4,159.3,8.7,1007.8,903.6,100,42.92
C9177,212.6,0,100.4,159.4,10.4,1003.8,903.8,3,13.33
Q6823,212.6,0,100.4,159.4,10.4,1003.8,903.8,14,25.37
T5194,212.6,0,100.4,159.4,10.4,1003.8,903.8,28,37.4
H7977,212.6,0,100.4,159.4,10.4,1003.8,903.8,56,44.4
V8207,212.6,0,100.4,159.4,10.4,1003.8,903.8,100,47.74
E3500,212,0,124.8,159,7.8,1085.4,799.5,3,19.52
D7332,212,0,124.8,159,7.8,1085.4,799.5,14,31.35
Y6457,212,0,124.8,159,7.8,1085.4,799.5,28,38.5
U3955,212,0,124.8,159,7.8,1085.4,799.5,56,45.08
U8796,212,0,124.8,159,7.8,1085.4,799.5,100,47.82
A7207,231.8,0,121.6,174,6.7,1056.4,778.5,3,15.44
J2498,231.8,0,121.6,174,6.7,1056.4,778.5,14,26.77
U5741,231.8,0,121.6,174,6.7,1056.4,778.5,28,33.73
P1175,231.8,0,121.6,174,6.7,1056.4,778.5,56,42.7
Q3010,231.8,0,121.6,174,6.7,1056.4,778.5,100,45.84
A2448,251.4,0,118.3,188.5,5.8,1028.4,757.7,3,17.22
E3932,251.4,0,118.3,188.5,5.8,1028.4,757.7,14,29.93
X6805,251.4,0,118.3,188.5,5.8,1028.4,757.7,28,29.65
Y3303,251.4,0,118.3,188.5,5.8,1028.4,757.7,56,36.97
M3611,251.4,0,118.3,188.5,5.8,1028.4,757.7,100,43.58
T7747,251.4,0,118.3,188.5,6.4,1028.4,757.7,3,13.12
J6560,251.4,0,118.3,188.5,6.4,1028.4,757.7,14,24.43
E4034,251.4,0,118.3,188.5,6.4,1028.4,757.7,28,32.66
P1904,251.4,0,118.3,188.5,6.4,1028.4,757.7,56,36.64
H3372,251.4,0,118.3,188.5,6.4,1028.4,757.7,100,44.21
O5874,181.4,0,167,169.6,7.6,1055.6,777.8,3,13.62
O2871,181.4,0,167,169.6,7.6,1055.6,777.8,14,21.6
K2605,181.4,0,167,169.6,7.6,1055.6,777.8,28,27.77
I1455,181.4,0,167,169.6,7.6,1055.6,777.8,56,35.57
P7381,181.4,0,167,169.6,7.6,1055.6,777.8,100,45.37
A8406,182,45.2,122,170.2,8.2,1059.4,780.7,3,7.32
Q9515,182,45.2,122,170.2,8.2,1059.4,780.7,14,21.5
X2525,182,45.2,122,170.2,8.2,1059.4,780.7,28,31.27
S3121,182,45.2,122,170.2,8.2,1059.4,780.7,56,43.5
B4614,182,45.2,122,170.2,8.2,1059.4,780.7,100,48.67
A6637,168.9,42.2,124.3,158.3,10.8,1080.8,796.2,3,7.4
K8276,168.9,42.2,124.3,158.3,10.8,1080.8,796.2,14,23.51
Z9723,168.9,42.2,124.3,158.3,10.8,1080.8,796.2,28,31.12
J4394,168.9,42.2,124.3,158.3,10.8,1080.8,796.2,56,39.15
C7916,168.9,42.2,124.3,158.3,10.8,1080.8,796.2,100,48.15
S1871,290.4,0,96.2,168.1,9.4,961.2,865,3,22.5
F9227,290.4,0,96.2,168.1,9.4,961.2,865,14,34.67
G5887,290.4,0,96.2,168.1,9.4,961.2,865,28,34.74
Y2141,290.4,0,96.2,168.1,9.4,961.2,865,56,45.08
X8694,290.4,0,96.2,168.1,9.4,961.2,865,100,48.97
S4932,277.1,0,97.4,160.6,11.8,973.9,875.6,3,23.14
H8185,277.1,0,97.4,160.6,11.8,973.9,875.6,14,41.89
J7846,277.1,0,97.4,160.6,11.8,973.9,875.6,28,48.28
Z5843,277.1,0,97.4,160.6,11.8,973.9,875.6,56,51.04
N5694,277.1,0,97.4,160.6,11.8,973.9,875.6,100,55.64
S7127,295.7,0,95.6,171.5,8.9,955.1,859.2,3,22.95
J1614,295.7,0,95.6,171.5,8.9,955.1,859.2,14,35.23
D2337,295.7,0,95.6,171.5,8.9,955.1,859.2,28,39.94
I5632,295.7,0,95.6,171.5,8.9,955.1,859.2,56,48.72
M6921,295.7,0,95.6,171.5,8.9,955.1,859.2,100,52.04
B5221,251.8,0,99.9,146.1,12.4,1006,899.8,3,21.02
V9227,251.8,0,99.9,146.1,12.4,1006,899.8,14,33.36
D2493,251.8,0,99.9,146.1,12.4,1006,899.8,28,33.94
C7250,251.8,0,99.9,146.1,12.4,1006,899.8,56,44.14
W9632,251.8,0,99.9,146.1,12.4,1006,899.8,100,45.37
K3558,249.1,0,98.8,158.1,12.8,987.8,889,3,15.36
J5044,249.1,0,98.8,158.1,12.8,987.8,889,14,28.68
I9486,249.1,0,98.8,158.1,12.8,987.8,889,28,30.85
E8837,249.1,0,98.8,158.1,12.8,987.8,889,56,42.03
P9076,249.1,0,98.8,158.1,12.8,987.8,889,100,51.06
N9801,252.3,0,98.8,146.3,14.2,987.8,889,3,21.78
K6577,252.3,0,98.8,146.3,14.2,987.8,889,14,42.29
P7960,252.3,0,98.8,146.3,14.2,987.8,889,28,50.6
N2951,252.3,0,98.8,146.3,14.2,987.8,889,56,55.83
T5083,252.3,0,98.8,146.3,14.2,987.8,889,100,60.95
O6387,246.8,0,125.1,143.3,12,1086.8,800.9,3,23.52
F4842,246.8,0,125.1,143.3,12,1086.8,800.9,14,42.22
U4436,246.8,0,125.1,143.3,12,1086.8,800.9,28,52.5
M3653,246.8,0,125.1,143.3,12,1086.8,800.9,56,60.32
Z2451,246.8,0,125.1,143.3,12,1086.8,800.9,100,66.42
J6075,275.1,0,121.4,159.5,9.9,1053.6,777.5,3,23.8
R3140,275.1,0,121.4,159.5,9.9,1053.6,777.5,14,38.77
N2327,275.1,0,121.4,159.5,9.9,1053.6,777.5,28,51.33
P1187,275.1,0,121.4,159.5,9.9,1053.6,777.5,56,56.85
Z1884,275.1,0,121.4,159.5,9.9,1053.6,777.5,100,58.61
E8796,297.2,0,117.5,174.8,9.5,1022.8,753.5,3,21.91
V8734,297.2,0,117.5,174.8,9.5,1022.8,753.5,14,36.99
M9286,297.2,0,117.5,174.8,9.5,1022.8,753.5,28,47.4
B7237,297.2,0,117.5,174.8,9.5,1022.8,753.5,56,51.96
D2570,297.2,0,117.5,174.8,9.5,1022.8,753.5,100,56.74
U3360,213.7,0,174.7,154.8,10.2,1053.5,776.4,3,17.57
C3086,213.7,0,174.7,154.8,10.2,1053.5,776.4,14,33.73
B7247,213.7,0,174.7,154.8,10.2,1053.5,776.4,28,40.15
H2532,213.7,0,174.7,154.8,10.2,1053.5,776.4,56,46.64
V3840,213.7,0,174.7,154.8,10.2,1053.5,776.4,100,50.08
O4045,213.5,0,174.2,154.6,11.7,1052.3,775.5,3,17.37
J8850,213.5,0,174.2,154.6,11.7,1052.3,775.5,14,33.7
S3791,213.5,0,174.2,154.6,11.7,1052.3,775.5,28,45.94
C1955,213.5,0,174.2,154.6,11.7,1052.3,775.5,56,51.43
C1774,213.5,0,174.2,154.6,11.7,1052.3,775.5,100,59.3
W6338,277.2,97.8,24.5,160.7,11.2,1061.7,782.5,3,30.45
F1147,277.2,97.8,24.5,160.7,11.2,1061.7,782.5,14,47.71
T4563,277.2,97.8,24.5,160.7,11.2,1061.7,782.5,28,63.14
M1130,277.2,97.8,24.5,160.7,11.2,1061.7,782.5,56,66.82
D4992,277.2,97.8,24.5,160.7,11.2,1061.7,782.5,100,66.95
S4277,218.2,54.6,123.8,140.8,11.9,1075.7,792.7,3,27.42
R1973,218.2,54.6,123.8,140.8,11.9,1075.7,792.7,14,35.96
N3998,218.2,54.6,123.8,140.8,11.9,1075.7,792.7,28,55.51
O5765,218.2,54.6,123.8,140.8,11.9,1075.7,792.7,56,61.99
K8404,218.2,54.6,123.8,140.8,11.9,1075.7,792.7,100,63.53
K6284,214.9,53.8,121.9,155.6,9.6,1014.3,780.6,3,18.02
E2307,214.9,53.8,121.9,155.6,9.6,1014.3,780.6,14,38.6
B2536,214.9,53.8,121.9,155.6,9.6,1014.3,780.6,28,52.2
G7101,214.9,53.8,121.9,155.6,9.6,1014.3,780.6,56,53.96
J7418,214.9,53.8,121.9,155.6,9.6,1014.3,780.6,100,56.63
Z7206,218.9,0,124.1,158.5,11.3,1078.7,794.9,3,15.34
X7113,218.9,0,124.1,158.5,11.3,1078.7,794.9,14,26.05
Y4218,218.9,0,124.1,158.5,11.3,1078.7,794.9,28,30.22
W3636,218.9,0,124.1,158.5,11.3,1078.7,794.9,56,37.27
L1996,218.9,0,124.1,158.5,11.3,1078.7,794.9,100,46.23
I1643,376,0,0,214.6,0,1003.5,762.4,3,16.28
E3973,376,0,0,214.6,0,1003.5,762.4,14,25.62
B7863,376,0,0,214.6,0,1003.5,762.4,28,31.97
J9077,376,0,0,214.6,0,1003.5,762.4,56,36.3
G5844,376,0,0,214.6,0,1003.5,762.4,100,43.06
C7145,500,0,0,140,4,966,853,28,67.57
H8409,475,0,59,142,1.9,1098,641,28,57.23
O2701,315,137,0,145,5.9,1130,745,28,81.75
Q6878,505,0,60,195,0,1030,630,28,64.02
E8452,451,0,0,165,11.3,1030,745,28,78.8
Q9494,516,0,0,162,8.2,801,802,28,41.37
R8820,520,0,0,170,5.2,855,855,28,60.28
L1918,528,0,0,185,6.9,920,720,28,56.83
B4905,520,0,0,175,5.2,870,805,28,51.02
X1505,385,0,136,158,20,903,768,28,55.55
T3250,500.1,0,0,200,3,1124.4,613.2,28,44.13
M2706,450.1,50,0,200,3,1124.4,613.2,28,39.38
G9617,397,17.2,158,167,20.8,967,633,28,55.65
G5236,333,17.5,163,167,17.9,996,652,28,47.28
O8650,334,17.6,158,189,15.3,967,633,28,44.33
R2593,405,0,0,175,0,1120,695,28,52.3
X3055,200,200,0,190,0,1145,660,28,49.25
K4316,516,0,0,162,8.3,801,802,28,41.37
I2419,145,116,119,184,5.7,833,880,28,29.16
R3239,160,128,122,182,6.4,824,879,28,39.4
Y9524,234,156,0,189,5.9,981,760,28,39.3
R3371,250,180,95,159,9.5,860,800,28,67.87
B7626,475,0,0,162,9.5,1044,662,28,58.52
F3308,285,190,0,163,7.6,1031,685,28,53.58
G8619,356,119,0,160,9,1061,657,28,59
U9865,275,180,120,162,10.4,830,765,28,76.24
H8559,500,0,0,151,9,1033,655,28,69.84
G9978,165,0,143.6,163.8,0,1005.6,900.9,3,14.4
E9774,165,128.5,132.1,175.1,8.1,1005.8,746.6,3,19.42
C6814,178,129.8,118.6,179.9,3.6,1007.3,746.8,3,20.73
A6888,167.4,129.9,128.6,175.5,7.8,1006.3,746.6,3,14.94
X4610,172.4,13.6,172.4,156.8,4.1,1006.3,856.4,3,21.29
E3580,173.5,50.1,173.5,164.8,6.5,1006.2,793.5,3,23.08
A7836,167,75.4,167,164,7.9,1007.3,770.1,3,15.52
C7553,173.8,93.4,159.9,172.3,9.7,1007.2,746.6,3,15.82
F8618,190.3,0,125.2,166.6,9.9,1079,798.9,3,12.55
V6899,250,0,95.7,191.8,5.3,948.9,857.2,3,8.49
R5490,213.5,0,174.2,159.2,11.7,1043.6,771.9,3,15.61
R8229,194.7,0,100.5,170.2,7.5,998,901.8,3,12.18
M7813,251.4,0,118.3,192.9,5.8,1043.6,754.3,3,11.98
E3080,165,0,143.6,163.8,0,1005.6,900.9,14,16.88
K3764,165,128.5,132.1,175.1,8.1,1005.8,746.6,14,33.09
L4806,178,129.8,118.6,179.9,3.6,1007.3,746.8,14,34.24
C3262,167.4,129.9,128.6,175.5,7.8,1006.3,746.6,14,31.81
R7679,172.4,13.6,172.4,156.8,4.1,1006.3,856.4,14,29.75
M8524,173.5,50.1,173.5,164.8,6.5,1006.2,793.5,14,33.01
F4077,167,75.4,167,164,7.9,1007.3,770.1,14,32.9
J8757,173.8,93.4,159.9,172.3,9.7,1007.2,746.6,14,29.55
C7651,190.3,0,125.2,166.6,9.9,1079,798.9,14,19.42
D1922,250,0,95.7,191.8,5.3,948.9,857.2,14,24.66
P2258,213.5,0,174.2,159.2,11.7,1043.6,771.9,14,29.59
V9488,194.7,0,100.5,170.2,7.5,998,901.8,14,24.28
L3034,251.4,0,118.3,192.9,5.8,1043.6,754.3,14,20.73
P8346,165,0,143.6,163.8,0,1005.6,900.9,28,26.2
Z7403,165,128.5,132.1,175.1,8.1,1005.8,746.6,28,46.39
S5622,178,129.8,118.6,179.9,3.6,1007.3,746.8,28,39.16
O7194,167.4,129.9,128.6,175.5,7.8,1006.3,746.6,28,41.2
N9029,172.4,13.6,172.4,156.8,4.1,1006.3,856.4,28,33.69
B7105,173.5,50.1,173.5,164.8,6.5,1006.2,793.5,28,38.2
Z2285,167,75.4,167,164,7.9,1007.3,770.1,28,41.41
L6358,173.8,93.4,159.9,172.3,9.7,1007.2,746.6,28,37.81
U1278,190.3,0,125.2,166.6,9.9,1079,798.9,28,24.85
Y8847,250,0,95.7,191.8,5.3,948.9,857.2,28,27.22
T1421,213.5,0,174.2,159.2,11.7,1043.6,771.9,28,44.64
Q3794,194.7,0,100.5,170.2,7.5,998,901.8,28,37.27
H8742,251.4,0,118.3,192.9,5.8,1043.6,754.3,28,33.27
E6553,165,0,143.6,163.8,0,1005.6,900.9,56,36.56
X5075,165,128.5,132.1,175.1,8.1,1005.8,746.6,56,53.72
P2155,178,129.8,118.6,179.9,3.6,1007.3,746.8,56,48.59
X6459,167.4,129.9,128.6,175.5,7.8,1006.3,746.6,56,51.72
N5780,172.4,13.6,172.4,156.8,4.1,1006.3,856.4,56,35.85
V4778,173.5,50.1,173.5,164.8,6.5,1006.2,793.5,56,53.77
H7365,167,75.4,167,164,7.9,1007.3,770.1,56,53.46
O4580,173.8,93.4,159.9,172.3,9.7,1007.2,746.6,56,48.99
O4909,190.3,0,125.2,166.6,9.9,1079,798.9,56,31.72
B5022,250,0,95.7,191.8,5.3,948.9,857.2,56,39.64
J9006,213.5,0,174.2,159.2,11.7,1043.6,771.9,56,51.26
A6245,194.7,0,100.5,170.2,7.5,998,901.8,56,43.39
P3467,251.4,0,118.3,192.9,5.8,1043.6,754.3,56,39.27
C7980,165,0,143.6,163.8,0,1005.6,900.9,100,37.96
X9945,165,128.5,132.1,175.1,8.1,1005.8,746.6,100,55.02
P9529,178,129.8,118.6,179.9,3.6,1007.3,746.8,100,49.99
T7193,167.4,129.9,128.6,175.5,7.8,1006.3,746.6,100,53.66
O4496,172.4,13.6,172.4,156.8,4.1,1006.3,856.4,100,37.68
O5596,173.5,50.1,173.5,164.8,6.5,1006.2,793.5,100,56.06
G1402,167,75.4,167,164,7.9,1007.3,770.1,100,56.81
Y7488,173.8,93.4,159.9,172.3,9.7,1007.2,746.6,100,50.94
M7130,190.3,0,125.2,166.6,9.9,1079,798.9,100,33.56
Y3671,250,0,95.7,191.8,5.3,948.9,857.2,100,41.16
O6831,213.5,0,174.2,159.2,11.7,1043.6,771.9,100,52.96
R7480,194.7,0,100.5,170.2,7.5,998,901.8,100,44.28
G5326,251.4,0,118.3,192.9,5.8,1043.6,754.3,100,40.15
X8549,446,24,79,162,11.6,967,712,28,57.03
E2013,446,24,79,162,11.6,967,712,28,44.42
D7323,446,24,79,162,11.6,967,712,28,51.02
E3275,446,24,79,162,10.3,967,712,28,53.39
Y6039,446,24,79,162,11.6,967,712,3,35.36
E7530,446,24,79,162,11.6,967,712,3,25.02
S7487,446,24,79,162,11.6,967,712,3,23.35
H2744,446,24,79,162,11.6,967,712,7,52.01
L7212,446,24,79,162,11.6,967,712,7,38.02
U7519,446,24,79,162,11.6,967,712,7,39.3
X1659,446,24,79,162,11.6,967,712,56,61.07
V5416,446,24,79,162,11.6,967,712,56,56.14
U1449,446,24,79,162,11.6,967,712,56,55.25
C2408,446,24,79,162,10.3,967,712,56,54.77
H9680,387,20,94,157,14.3,938,845,28,50.24
H8487,387,20,94,157,13.9,938,845,28,46.68
Z8160,387,20,94,157,11.6,938,845,28,46.68
K1969,387,20,94,157,14.3,938,845,3,22.75
Y3934,387,20,94,157,13.9,938,845,3,25.51
K9895,387,20,94,157,11.6,938,845,3,34.77
L1220,387,20,94,157,14.3,938,845,7,36.84
B2958,387,20,94,157,13.9,938,845,7,45.9
N2091,387,20,94,157,11.6,938,845,7,41.67
D1571,387,20,94,157,14.3,938,845,56,56.34
T4263,387,20,94,157,13.9,938,845,56,47.97
Q8495,387,20,94,157,11.6,938,845,56,61.46
T8133,355,19,97,145,13.1,967,871,28,44.03
O2599,355,19,97,145,12.3,967,871,28,55.45
G5098,491,26,123,210,3.9,882,699,28,55.55
P2794,491,26,123,201,3.9,822,699,28,57.92
Q3537,491,26,123,210,3.9,882,699,3,25.61
I6730,491,26,123,210,3.9,882,699,7,33.49
Y7402,491,26,123,210,3.9,882,699,56,59.59
I5707,491,26,123,201,3.9,822,699,3,29.55
Y2158,491,26,123,201,3.9,822,699,7,37.92
Z1758,491,26,123,201,3.9,822,699,56,61.86
L2963,424,22,132,178,8.5,822,750,28,62.05
H3705,424,22,132,178,8.5,882,750,3,32.01
O2851,424,22,132,168,8.9,822,750,28,72.1
Y3751,424,22,132,178,8.5,822,750,7,39
K7857,424,22,132,178,8.5,822,750,56,65.7
O2126,424,22,132,168,8.9,822,750,3,32.11
P9397,424,22,132,168,8.9,822,750,7,40.29
P5884,424,22,132,168,8.9,822,750,56,74.36
Z4497,202,11,141,206,1.7,942,801,28,21.97
P5519,202,11,141,206,1.7,942,801,3,9.85
N3110,202,11,141,206,1.7,942,801,7,15.07
S9327,202,11,141,206,1.7,942,801,56,23.25
M8190,284,15,141,179,5.5,842,801,28,43.73
A9040,284,15,141,179,5.5,842,801,3,13.4
S9375,284,15,141,179,5.5,842,801,7,24.13
M8872,284,15,141,179,5.5,842,801,56,44.52
E8457,359,19,141,154,10.9,942,801,28,62.94
V4704,359,19,141,154,10.9,942,801,28,59.49
X6241,359,19,141,154,10.9,942,801,3,25.12
L3143,359,19,141,154,10.9,942,801,3,23.64
E2182,359,19,141,154,10.9,942,801,7,35.75
Z8780,359,19,141,154,10.9,942,801,7,38.61
C8829,359,19,141,154,10.9,942,801,56,68.75
T5325,359,19,141,154,10.9,942,801,56,66.78
H2431,436,0,0,218,0,838.4,719.7,28,23.85
R6892,289,0,0,192,0,913.2,895.3,90,32.07
O3783,289,0,0,192,0,913.2,895.3,3,11.65
W1505,393,0,0,192,0,940.6,785.6,3,19.2
P1132,393,0,0,192,0,940.6,785.6,90,48.85
X2701,393,0,0,192,0,940.6,785.6,28,39.6
Q2446,480,0,0,192,0,936.2,712.2,28,43.94
V6146,480,0,0,192,0,936.2,712.2,7,34.57
X6167,480,0,0,192,0,936.2,712.2,90,54.32
I8606,480,0,0,192,0,936.2,712.2,3,24.4
U2088,333,0,0,192,0,931.2,842.6,3,15.62
Z9918,255,0,0,192,0,889.8,945,90,21.86
Z3703,255,0,0,192,0,889.8,945,7,10.22
V7960,289,0,0,192,0,913.2,895.3,7,14.6
J7190,255,0,0,192,0,889.8,945,28,18.75
U6230,333,0,0,192,0,931.2,842.6,28,31.97
Z5984,333,0,0,192,0,931.2,842.6,7,23.4
F3875,289,0,0,192,0,913.2,895.3,28,25.57
A6372,333,0,0,192,0,931.2,842.6,90,41.68
Y7600,393,0,0,192,0,940.6,785.6,7,27.74
B1236,255,0,0,192,0,889.8,945,3,8.2
Z3832,158.8,238.2,0,185.7,0,1040.6,734.3,7,9.62
Y9801,239.6,359.4,0,185.7,0,941.6,664.3,7,25.42
C4615,238.2,158.8,0,185.7,0,1040.6,734.3,7,15.69
K1009,181.9,272.8,0,185.7,0,1012.4,714.3,28,27.94
I3254,193.5,290.2,0,185.7,0,998.2,704.3,28,32.63
Q6219,255.5,170.3,0,185.7,0,1026.6,724.3,7,17.24
Y3139,272.8,181.9,0,185.7,0,1012.4,714.3,7,19.77
X3830,239.6,359.4,0,185.7,0,941.6,664.3,28,39.44
A1142,220.8,147.2,0,185.7,0,1055,744.3,28,25.75
M7132,397,0,0,185.7,0,1040.6,734.3,28,33.08
Z4915,382.5,0,0,185.7,0,1047.8,739.3,7,24.07
M8208,210.7,316.1,0,185.7,0,977,689.3,7,21.82
K5593,158.8,238.2,0,185.7,0,1040.6,734.3,28,21.07
Z2487,295.8,0,0,185.7,0,1091.4,769.3,7,14.84
V1403,255.5,170.3,0,185.7,0,1026.6,724.3,28,32.05
E3390,203.5,135.7,0,185.7,0,1076.2,759.3,7,11.96
S8711,397,0,0,185.7,0,1040.6,734.3,7,25.45
R3642,381.4,0,0,185.7,0,1104.6,784.3,28,22.49
J1501,295.8,0,0,185.7,0,1091.4,769.3,28,25.22
M8936,228,342.1,0,185.7,0,955.8,674.3,28,39.7
G1676,220.8,147.2,0,185.7,0,1055,744.3,7,13.09
E5313,316.1,210.7,0,185.7,0,977,689.3,28,38.7
G6846,135.7,203.5,0,185.7,0,1076.2,759.3,7,7.51
R2053,238.1,0,0,185.7,0,1118.8,789.3,28,17.58
T8824,339.2,0,0,185.7,0,1069.2,754.3,7,21.18
Z4435,135.7,203.5,0,185.7,0,1076.2,759.3,28,18.2
E8121,193.5,290.2,0,185.7,0,998.2,704.3,7,17.2
H3504,203.5,135.7,0,185.7,0,1076.2,759.3,28,22.63
E1423,290.2,193.5,0,185.7,0,998.2,704.3,7,21.86
H4010,181.9,272.8,0,185.7,0,1012.4,714.3,7,12.37
N6655,170.3,155.5,0,185.7,0,1026.6,724.3,28,25.73
I4631,210.7,316.1,0,185.7,0,977,689.3,28,37.81
E4207,228,342.1,0,185.7,0,955.8,674.3,7,21.92
Q5504,290.2,193.5,0,185.7,0,998.2,704.3,28,33.04
V5185,381.4,0,0,185.7,0,1104.6,784.3,7,14.54
R8848,238.2,158.8,0,185.7,0,1040.6,734.3,28,26.91
P9411,186.2,124.1,0,185.7,0,1083.4,764.3,7,8
W8577,339.2,0,0,185.7,0,1069.2,754.3,28,31.9
Y4027,238.1,0,0,185.7,0,1118.8,789.3,7,10.34
R3154,252.5,0,0,185.7,0,1111.6,784.3,28,19.77
K7485,382.5,0,0,185.7,0,1047.8,739.3,28,37.44
C3324,252.5,0,0,185.7,0,1111.6,784.3,7,11.48
S2594,316.1,210.7,0,185.7,0,977,689.3,7,24.44
L9034,186.2,124.1,0,185.7,0,1083.4,764.3,28,17.6
F5690,170.3,155.5,0,185.7,0,1026.6,724.3,7,10.73
Q7288,272.8,181.9,0,185.7,0,1012.4,714.3,28,31.38
J3386,339,0,0,197,0,968,781,3,13.22
P4369,339,0,0,197,0,968,781,7,20.97
F4875,339,0,0,197,0,968,781,14,27.04
S6778,339,0,0,197,0,968,781,28,32.04
Q8434,339,0,0,197,0,968,781,90,35.17
S5209,339,0,0,197,0,968,781,180,36.45
A7042,339,0,0,197,0,968,781,365,38.89
P9299,236,0,0,194,0,968,885,3,6.47
P1832,236,0,0,194,0,968,885,14,12.84
C8778,236,0,0,194,0,968,885,28,18.42
X7361,236,0,0,194,0,968,885,90,21.95
Q5904,236,0,0,193,0,968,885,180,24.1
I2556,236,0,0,193,0,968,885,365,25.08
I6902,277,0,0,191,0,968,856,14,21.26
F7600,277,0,0,191,0,968,856,28,25.97
W3414,277,0,0,191,0,968,856,3,11.36
W5097,277,0,0,191,0,968,856,90,31.25
V3212,277,0,0,191,0,968,856,180,32.33
E5419,277,0,0,191,0,968,856,360,33.7
R7773,254,0,0,198,0,968,863,3,9.31
A5290,254,0,0,198,0,968,863,90,26.94
C8218,254,0,0,198,0,968,863,180,27.63
I2279,254,0,0,198,0,968,863,365,29.79
Y7150,307,0,0,193,0,968,812,180,34.49
E1105,307,0,0,193,0,968,812,365,36.15
J3062,307,0,0,193,0,968,812,3,12.54
Y1733,307,0,0,193,0,968,812,28,27.53
X4277,307,0,0,193,0,968,812,90,32.92
H8397,236,0,0,193,0,968,885,7,9.99
Z9717,200,0,0,180,0,1125,845,7,7.84
W8034,200,0,0,180,0,1125,845,28,12.25
Q9119,225,0,0,181,0,1113,833,7,11.17
A3828,225,0,0,181,0,1113,833,28,17.34
Z6467,325,0,0,184,0,1063,783,7,17.54
T1088,325,0,0,184,0,1063,783,28,30.57
U3889,275,0,0,183,0,1088,808,7,14.2
F1112,275,0,0,183,0,1088,808,28,24.5
Y5915,300,0,0,184,0,1075,795,7,15.58
N1362,300,0,0,184,0,1075,795,28,26.85
Z8060,375,0,0,186,0,1038,758,7,26.06
C5298,375,0,0,186,0,1038,758,28,38.21
G4468,400,0,0,187,0,1025,745,28,43.7
I8199,400,0,0,187,0,1025,745,7,30.14
N2823,250,0,0,182,0,1100,820,7,12.73
E5933,250,0,0,182,0,1100,820,28,20.87
M5150,350,0,0,186,0,1050,770,7,20.28
J1846,350,0,0,186,0,1050,770,28,34.29
W9341,203.5,305.3,0,203.5,0,963.4,630,7,19.54
M7421,250.2,166.8,0,203.5,0,977.6,694.1,90,47.71
U3384,157,236,0,192,0,935.4,781.2,90,43.38
E9667,141.3,212,0,203.5,0,971.8,748.5,28,29.89
E6200,166.8,250.2,0,203.5,0,975.6,692.6,3,6.9
Y7650,122.6,183.9,0,203.5,0,958.2,800.1,90,33.19
F5982,183.9,122.6,0,203.5,0,959.2,800,3,4.9
G3096,102,153,0,192,0,887,942,3,4.57
F3920,102,153,0,192,0,887,942,90,25.46
Z6418,122.6,183.9,0,203.5,0,958.2,800.1,28,24.29
K2504,166.8,250.2,0,203.5,0,975.6,692.6,28,33.95
I3762,200,133,0,192,0,965.4,806.2,3,11.41
H6443,108.3,162.4,0,203.5,0,938.2,849,28,20.59
X7765,305.3,203.5,0,203.5,0,965.4,631,7,25.89
K2721,108.3,162.4,0,203.5,0,938.2,849,90,29.23
R8230,116,173,0,192,0,909.8,891.9,90,31.02
P2357,141.3,212,0,203.5,0,971.8,748.5,7,10.39
E5421,157,236,0,192,0,935.4,781.2,28,33.66
S8441,133,200,0,192,0,927.4,839.2,28,27.87
W8105,250.2,166.8,0,203.5,0,977.6,694.1,7,19.35
L1998,173,116,0,192,0,946.8,856.8,7,11.39
J5323,192,288,0,192,0,929.8,716.1,3,12.79
H2989,192,288,0,192,0,929.8,716.1,28,39.32
U8094,153,102,0,192,0,888,943.1,3,4.78
K9831,288,192,0,192,0,932,717.8,3,16.11
U9594,305.3,203.5,0,203.5,0,965.4,631,28,43.38
E9417,236,157,0,192,0,972.6,749.1,7,20.42
M9822,173,116,0,192,0,946.8,856.8,3,6.94
X6063,212,141.3,0,203.5,0,973.4,750,7,15.03
G1848,236,157,0,192,0,972.6,749.1,3,13.57
Z6968,183.9,122.6,0,203.5,0,959.2,800,90,32.53
V1287,166.8,250.2,0,203.5,0,975.6,692.6,7,15.75
U7843,102,153,0,192,0,887,942,7,7.68
N5068,288,192,0,192,0,932,717.8,28,38.8
L9967,212,141.3,0,203.5,0,973.4,750,28,33
O7715,102,153,0,192,0,887,942,28,17.28
E6830,173,116,0,192,0,946.8,856.8,28,24.28
Y4781,183.9,122.6,0,203.5,0,959.2,800,28,24.05
U6906,133,200,0,192,0,927.4,839.2,90,36.59
H3256,192,288,0,192,0,929.8,716.1,90,50.73
K8540,133,200,0,192,0,927.4,839.2,7,13.66
O1577,305.3,203.5,0,203.5,0,965.4,631,3,14.14
F7442,236,157,0,192,0,972.6,749.1,90,47.78
A4616,108.3,162.4,0,203.5,0,938.2,849,3,2.33
P1472,157,236,0,192,0,935.4,781.2,7,16.89
G4753,288,192,0,192,0,932,717.8,7,23.52
L9088,212,141.3,0,203.5,0,973.4,750,3,6.81
Z4492,212,141.3,0,203.5,0,973.4,750,90,39.7
T1172,153,102,0,192,0,888,943.1,28,17.96
B7350,236,157,0,192,0,972.6,749.1,28,32.88
L6554,116,173,0,192,0,909.8,891.9,28,22.35
B8803,183.9,122.6,0,203.5,0,959.2,800,7,10.79
S8408,108.3,162.4,0,203.5,0,938.2,849,7,7.72
M4365,203.5,305.3,0,203.5,0,963.4,630,28,41.68
C3942,203.5,305.3,0,203.5,0,963.4,630,3,9.56
R8205,133,200,0,192,0,927.4,839.2,3,6.88
E9355,288,192,0,192,0,932,717.8,90,50.53
W2708,200,133,0,192,0,965.4,806.2,7,17.17
K4726,200,133,0,192,0,965.4,806.2,28,30.44
F7358,250.2,166.8,0,203.5,0,977.6,694.1,3,9.73
T6033,122.6,183.9,0,203.5,0,958.2,800.1,3,3.32
U8002,153,102,0,192,0,888,943.1,90,26.32
Y1780,200,133,0,192,0,965.4,806.2,90,43.25
X8141,116,173,0,192,0,909.8,891.9,3,6.28
X1279,173,116,0,192,0,946.8,856.8,90,32.1
D2691,250.2,166.8,0,203.5,0,977.6,694.1,28,36.96
G7639,305.3,203.5,0,203.5,0,965.4,631,90,54.6
W8856,192,288,0,192,0,929.8,716.1,7,21.48
V3417,157,236,0,192,0,935.4,781.2,3,9.69
U8301,153,102,0,192,0,888,943.1,7,8.37
H3704,141.3,212,0,203.5,0,971.8,748.5,90,39.66
U4448,116,173,0,192,0,909.8,891.9,7,10.09
Z3877,141.3,212,0,203.5,0,971.8,748.5,3,4.83
L8396,122.6,183.9,0,203.5,0,958.2,800.1,7,10.35
N6470,166.8,250.2,0,203.5,0,975.6,692.6,90,43.57
N7344,203.5,305.3,0,203.5,0,963.4,630,90,51.86
F2061,310,0,0,192,0,1012,830,3,11.85
W3762,310,0,0,192,0,1012,830,7,17.24
E1590,310,0,0,192,0,1012,830,28,27.83
E4416,310,0,0,192,0,1012,830,90,35.76
D3999,310,0,0,192,0,1012,830,120,38.7
U9943,331,0,0,192,0,1025,821,3,14.31
F4141,331,0,0,192,0,1025,821,7,17.44
V1669,331,0,0,192,0,1025,821,28,31.74
L3601,331,0,0,192,0,1025,821,90,37.91
J1515,331,0,0,192,0,1025,821,120,39.38
S8279,349,0,0,192,0,1056,809,3,15.87
R9690,349,0,0,192,0,1056,809,7,9.01
T2940,349,0,0,192,0,1056,809,28,33.61
S4063,349,0,0,192,0,1056,809,90,40.66
D6732,349,0,0,192,0,1056,809,120,40.86
N3035,238,0,0,186,0,1119,789,7,12.05
V9201,238,0,0,186,0,1119,789,28,17.54
T8008,296,0,0,186,0,1090,769,7,18.91
Y1360,296,0,0,186,0,1090,769,28,25.18
C3773,297,0,0,186,0,1040,734,7,30.96
I8875,480,0,0,192,0,936,721,28,43.89
Q3660,480,0,0,192,0,936,721,90,54.28
V3104,397,0,0,186,0,1040,734,28,36.94
E8626,281,0,0,186,0,1104,774,7,14.5
R9908,281,0,0,185,0,1104,774,28,22.44
C1313,500,0,0,200,0,1125,613,1,12.64
F7458,500,0,0,200,0,1125,613,3,26.06
C7602,500,0,0,200,0,1125,613,7,33.21
F8503,500,0,0,200,0,1125,613,14,36.94
E3296,500,0,0,200,0,1125,613,28,44.09
N7370,540,0,0,173,0,1125,613,7,52.61
B9765,540,0,0,173,0,1125,613,14,59.76
Y5793,540,0,0,173,0,1125,613,28,67.31
Q3742,540,0,0,173,0,1125,613,90,69.66
N9853,540,0,0,173,0,1125,613,180,71.62
P7937,540,0,0,173,0,1125,613,270,74.17
B7210,350,0,0,203,0,974,775,7,18.13
Y6394,350,0,0,203,0,974,775,14,22.53
N8282,350,0,0,203,0,974,775,28,27.34
K1850,350,0,0,203,0,974,775,56,29.98
M5138,350,0,0,203,0,974,775,90,31.35
F7244,350,0,0,203,0,974,775,180,32.72
L6871,385,0,0,186,0,966,763,1,6.27
E8001,385,0,0,186,0,966,763,3,14.7
B1697,385,0,0,186,0,966,763,7,23.22
X5827,385,0,0,186,0,966,763,14,27.92
N9886,385,0,0,186,0,966,763,28,31.35
R9866,331,0,0,192,0,978,825,180,39
Y4577,331,0,0,192,0,978,825,360,41.24
J7221,349,0,0,192,0,1047,806,3,14.99
I1766,331,0,0,192,0,978,825,3,13.52
N9604,382,0,0,186,0,1047,739,7,24
E6893,382,0,0,186,0,1047,739,28,37.42
O6785,382,0,0,186,0,1111,784,7,11.47
T5088,281,0,0,186,0,1104,774,28,22.44
H8831,339,0,0,185,0,1069,754,7,21.16
J5139,339,0,0,185,0,1069,754,28,31.84
D3562,295,0,0,185,0,1069,769,7,14.8
Y1009,295,0,0,185,0,1069,769,28,25.18
X7131,238,0,0,185,0,1118,789,28,17.54
X8428,296,0,0,192,0,1085,765,7,14.2
C2540,296,0,0,192,0,1085,765,28,21.65
X5287,296,0,0,192,0,1085,765,90,29.39
N8304,331,0,0,192,0,879,825,3,13.52
T3517,331,0,0,192,0,978,825,7,16.26
L5235,331,0,0,192,0,978,825,28,31.45
H1247,331,0,0,192,0,978,825,90,37.23
L3932,349,0,0,192,0,1047,806,7,18.13
M7153,349,0,0,192,0,1047,806,28,32.72
W5632,349,0,0,192,0,1047,806,90,39.49
O5549,349,0,0,192,0,1047,806,180,41.05
K6444,349,0,0,192,0,1047,806,360,42.13
M1397,302,0,0,203,0,974,817,14,18.13
Y8550,302,0,0,203,0,974,817,180,26.74
G8020,525,0,0,189,0,1125,613,180,61.92
U4834,500,0,0,200,0,1125,613,90,47.22
F8945,500,0,0,200,0,1125,613,180,51.04
J4129,500,0,0,200,0,1125,613,270,55.16
E6349,540,0,0,173,0,1125,613,3,41.64
C7498,252,0,0,185,0,1111,784,7,13.71
P8986,252,0,0,185,0,1111,784,28,19.69
O3606,339,0,0,185,0,1060,754,28,31.65
V7952,393,0,0,192,0,940,758,3,19.11
O3877,393,0,0,192,0,940,758,28,39.58
J5704,393,0,0,192,0,940,758,90,48.79
S9054,382,0,0,185,0,1047,739,7,24
M4026,382,0,0,185,0,1047,739,28,37.42
Q2006,252,0,0,186,0,1111,784,7,11.47
W9948,252,0,0,185,0,1111,784,28,19.69
U3902,310,0,0,192,0,970,850,7,14.99
C5264,310,0,0,192,0,970,850,28,27.92
G1364,310,0,0,192,0,970,850,90,34.68
D8279,310,0,0,192,0,970,850,180,37.33
H7577,310,0,0,192,0,970,850,360,38.11
P2645,525,0,0,189,0,1125,613,3,33.8
G7732,525,0,0,189,0,1125,613,7,42.42
H1860,525,0,0,189,0,1125,613,14,48.4
P5838,525,0,0,189,0,1125,613,28,55.94
E4197,525,0,0,189,0,1125,613,90,58.78
H6420,525,0,0,189,0,1125,613,270,67.11
N6687,322,0,0,203,0,974,800,14,20.77
A2045,322,0,0,203,0,974,800,28,25.18
Z3906,322,0,0,203,0,974,800,180,29.59
W9419,302,0,0,203,0,974,817,28,21.75
S2721,397,0,0,185,0,1040,734,28,39.09
G8667,480,0,0,192,0,936,721,3,24.39
J5866,522,0,0,146,0,896,896,7,50.51
O6360,522,0,0,146,0,896,896,28,74.99
Z1516,273,105,82,210,9,904,680,28,37.17
Z5863,162,190,148,179,19,838,741,28,33.76
Q7530,154,144,112,220,10,923,658,28,16.5
I1366,147,115,89,202,9,860,829,28,19.99
D4842,152,178,139,168,18,944,695,28,36.35
X2859,310,143,111,168,22,914,651,28,33.69
W6704,144,0,175,158,18,943,844,28,15.42
E7395,304,140,0,214,6,895,722,28,33.42
L4841,374,0,0,190,7,1013,730,28,39.05
U6041,159,149,116,175,15,953,720,28,27.68
K4123,153,239,0,200,6,1002,684,28,26.86
Y4802,310,143,0,168,10,914,804,28,45.3
H9835,305,0,100,196,10,959,705,28,30.12
C8823,151,0,184,167,12,991,772,28,15.57
W7271,142,167,130,174,11,883,785,28,44.61
X3644,298,137,107,201,6,878,655,28,53.52
C1362,321,164,0,190,5,870,774,28,57.21
P4101,366,187,0,191,7,824,757,28,65.91
S8998,280,129,100,172,9,825,805,28,52.82
L6012,252,97,76,194,8,835,821,28,33.4
L7449,165,0,150,182,12,1023,729,28,18.03
O5989,156,243,0,180,11,1022,698,28,37.36
L9062,160,188,146,203,11,829,710,28,32.84
Q6493,298,0,107,186,6,879,815,28,42.64
R8358,318,0,126,210,6,861,737,28,40.06
C3740,287,121,94,188,9,904,696,28,41.94
T4391,326,166,0,174,9,882,790,28,61.23
I7644,356,0,142,193,11,801,778,28,40.87
F3264,132,207,161,179,5,867,736,28,33.3
X1593,322,149,0,186,8,951,709,28,52.42
K6969,164,0,200,181,13,849,846,28,15.09
W7596,314,0,113,170,10,925,783,28,38.46
P3243,321,0,128,182,11,870,780,28,37.26
W7766,140,164,128,237,6,869,656,28,35.23
R3057,288,121,0,177,7,908,829,28,42.13
X9622,298,0,107,210,11,880,744,28,31.87
R7588,265,111,86,195,6,833,790,28,41.54
E9371,160,250,0,168,12,1049,688,28,39.45
N6492,166,260,0,183,13,859,827,28,37.91
S6325,276,116,90,180,9,870,768,28,44.28
M8257,322,0,116,196,10,818,813,28,31.18
M2478,149,139,109,193,6,892,780,28,23.69
V8220,159,187,0,176,11,990,789,28,32.76
X5126,261,100,78,201,9,864,761,28,32.4
P2402,237,92,71,247,6,853,695,28,28.63
B8148,313,0,113,178,8,1002,689,28,36.8
G4300,155,183,0,193,9,1047,697,28,18.28
M4780,146,230,0,202,3,827,872,28,33.06
O7167,296,0,107,221,11,819,778,28,31.42
G5306,133,210,0,196,3,949,795,28,31.03
L3935,313,145,0,178,8,867,824,28,44.39
I4013,152,0,112,184,8,992,816,28,12.18
H6403,153,145,113,178,8,1002,689,28,25.56
N3652,140,133,103,200,7,916,753,28,36.44
D1317,149,236,0,176,13,847,893,28,32.96
J7440,300,0,120,212,10,878,728,28,23.84
T6951,153,145,113,178,8,867,824,28,26.23
M6400,148,0,137,158,16,1002,830,28,17.95
J2013,326,0,138,199,11,801,792,28,40.68
F2946,153,145,0,178,8,1000,822,28,19.01
E1148,262,111,86,195,5,895,733,28,33.72
W8104,158,0,195,220,11,898,713,28,8.54
Q7276,151,0,185,167,16,1074,678,28,13.46
O5124,273,0,90,199,11,931,762,28,32.24
F9459,149,118,92,183,7,953,780,28,23.52
O4440,143,169,143,191,8,967,643,28,29.72
Q7938,260,101,78,171,10,936,763,28,49.77
A8750,313,161,0,178,10,917,759,28,52.44
Q6045,284,120,0,168,7,970,794,28,40.93
V4217,336,0,0,182,3,986,817,28,44.86
V9162,145,0,134,181,11,979,812,28,13.2
N9891,150,237,0,174,12,1069,675,28,37.43
K2935,144,170,133,192,8,814,805,28,29.87
N1539,331,170,0,195,8,811,802,28,56.61
Y6432,155,0,143,193,9,1047,697,28,12.46
G8594,155,183,0,193,9,877,868,28,23.79
K5868,135,0,166,180,10,961,805,28,13.29
V5868,266,112,87,178,10,910,745,28,39.42
Q4880,314,145,113,179,8,869,690,28,46.23
O9038,313,145,0,127,8,1000,822,28,44.52
B3719,146,173,0,182,3,986,817,28,23.74
U9353,144,136,106,178,7,941,774,28,26.14
D2484,148,0,182,181,15,839,884,28,15.52
Y2126,277,117,91,191,7,946,666,28,43.57
N7234,298,0,107,164,13,953,784,28,35.86
U2500,313,145,0,178,8,1002,689,28,41.05
P9447,155,184,143,194,9,880,699,28,28.99
H1164,289,134,0,195,6,924,760,28,46.24
E5847,148,175,0,171,2,1000,828,28,26.92
Y3952,145,0,179,202,8,824,869,28,10.54
V8766,313,0,0,178,8,1000,822,28,25.1
X5506,136,162,126,172,10,923,764,28,29.07
N9636,155,0,143,193,9,877,868,28,9.74
Z2320,255,99,77,189,6,919,749,28,33.8
O5491,162,207,172,216,10,822,638,28,39.84
W2172,136,196,98,199,6,847,783,28,26.97
P7151,164,163,128,197,8,961,641,28,27.23
W6805,162,214,164,202,10,820,680,28,30.65
G2984,157,214,152,200,9,819,704,28,33.05
F6683,149,153,194,192,8,935,623,28,24.58
B9348,135,105,193,196,6,965,643,28,21.91
Q4399,159,209,161,201,7,848,669,28,30.88
O1942,144,15,195,176,6,1021,709,28,15.34
Y5525,154,174,185,228,7,845,612,28,24.34
J6893,167,187,195,185,7,898,636,28,23.89
H1103,184,86,190,213,6,923,623,28,22.93
E5946,156,178,187,221,7,854,614,28,29.41
X7457,236.9,91.7,71.5,246.9,6,852.9,695.4,28,28.63
T8923,313.3,0,113,178.5,8,1001.9,688.7,28,36.8
O5661,154.8,183.4,0,193.3,9.1,1047.4,696.7,28,18.29
V4410,145.9,230.5,0,202.5,3.4,827,871.8,28,32.72
K1662,296,0,106.7,221.4,10.5,819.2,778.4,28,31.42
N4228,133.1,210.2,0,195.7,3.1,949.4,795.3,28,28.94
M6901,313.3,145,0,178.5,8,867.2,824,28,40.93
V6846,151.6,0,111.9,184.4,7.9,992,815.9,28,12.18
M9843,153.1,145,113,178.5,8,1001.9,688.7,28,25.56
S4078,139.9,132.6,103.3,200.3,7.4,916,753.4,28,36.44
J3017,149.5,236,0,175.8,12.6,846.8,892.7,28,32.96
U3821,299.8,0,119.8,211.5,9.9,878.2,727.6,28,23.84
S4097,153.1,145,113,178.5,8,867.2,824,28,26.23
O4281,148.1,0,136.6,158.1,16.1,1001.8,830.1,28,17.96
V7360,326.5,0,137.9,199,10.8,801.1,792.5,28,38.63
T7433,152.7,144.7,0,178.1,8,999.7,822.2,28,19.01
I4093,261.9,110.5,86.1,195.4,5,895.2,732.6,28,33.72
R6063,158.4,0,194.9,219.7,11,897.7,712.9,28,8.54
X9174,150.7,0,185.3,166.7,15.6,1074.5,678,28,13.46
D2069,272.6,0,89.6,198.7,10.6,931.3,762.2,28,32.25
R9654,149,117.6,91.7,182.9,7.1,953.4,780.3,28,23.52
V7133,143,169.4,142.7,190.7,8.4,967.4,643.5,28,29.73
G6341,259.9,100.6,78.4,170.6,10.4,935.7,762.9,28,49.77
R8692,312.9,160.5,0,177.6,9.6,916.6,759.5,28,52.45
N6778,284,119.7,0,168.3,7.2,970.4,794.2,28,40.93
M4261,336.5,0,0,181.9,3.4,985.8,816.8,28,44.87
J2246,144.8,0,133.6,180.8,11.1,979.5,811.5,28,13.2
Q5554,150,236.8,0,173.8,11.9,1069.3,674.8,28,37.43
Q2785,143.7,170.2,132.6,191.6,8.5,814.1,805.3,28,29.87
M4608,330.5,169.6,0,194.9,8.1,811,802.3,28,56.62
I5919,154.8,0,142.8,193.3,9.1,1047.4,696.7,28,12.46
I6186,154.8,183.4,0,193.3,9.1,877.2,867.7,28,23.79
M3348,134.7,0,165.7,180.2,10,961,804.9,28,13.29
R8647,266.2,112.3,87.5,177.9,10.4,909.7,744.5,28,39.42
Z6153,314,145.3,113.2,178.9,8,869.1,690.2,28,46.23
P2087,312.7,144.7,0,127.3,8,999.7,822.2,28,44.52
F2195,145.7,172.6,0,181.9,3.4,985.8,816.8,28,23.74
D7726,143.8,136.3,106.2,178.1,7.5,941.5,774.3,28,26.15
R4746,148.1,0,182.1,181.4,15,838.9,884.3,28,15.53
Q9787,277,116.8,91,190.6,7,946.5,665.6,28,43.58
Z9246,298.1,0,107.5,163.6,12.8,953.2,784,28,35.87
F4669,313.3,145,0,178.5,8,1001.9,688.7,28,41.05
Z7361,155.2,183.9,143.2,193.8,9.2,879.6,698.5,28,28.99
D7756,289,133.7,0,194.9,5.5,924.1,760.1,28,46.25
U3480,147.8,175.1,0,171.2,2.2,1000,828.5,28,26.92
J4778,145.4,0,178.9,201.7,7.8,824,868.7,28,10.54
F6601,312.7,0,0,178.1,8,999.7,822.2,28,25.1
J4540,136.4,161.6,125.8,171.6,10.4,922.6,764.4,28,29.07
K5971,154.8,0,142.8,193.3,9.1,877.2,867.7,28,9.74
L3241,255.3,98.8,77,188.6,6.5,919,749.3,28,33.8
G1848,272.8,105.1,81.8,209.7,9,904,679.7,28,37.17
Z4566,162,190.1,148.1,178.8,18.8,838.1,741.4,28,33.76
T1675,153.6,144.2,112.3,220.1,10.1,923.2,657.9,28,16.5
V3446,146.5,114.6,89.3,201.9,8.8,860,829.5,28,19.99
E6041,151.8,178.1,138.7,167.5,18.3,944,694.6,28,36.35
J9220,309.9,142.8,111.2,167.8,22.1,913.9,651.2,28,38.22
S3620,143.6,0,174.9,158.4,17.9,942.7,844.5,28,15.42
H9125,303.6,139.9,0,213.5,6.2,895.5,722.5,28,33.42
Z7029,374.3,0,0,190.2,6.7,1013.2,730.4,28,39.06
F7574,158.6,148.9,116,175.1,15,953.3,719.7,28,27.68
S5849,152.6,238.7,0,200,6.3,1001.8,683.9,28,26.86
O5902,310,142.8,0,167.9,10,914.3,804,28,45.3
V9330,304.8,0,99.6,196,9.8,959.4,705.2,28,30.12
D2660,150.9,0,183.9,166.6,11.6,991.2,772.2,28,15.57
J2041,141.9,166.6,129.7,173.5,10.9,882.6,785.3,28,44.61
H4802,297.8,137.2,106.9,201.3,6,878.4,655.3,28,53.52
L6701,321.3,164.2,0,190.5,4.6,870,774,28,57.22
V6440,366,187,0,191.3,6.6,824.3,756.9,28,65.91
V2492,279.8,128.9,100.4,172.4,9.5,825.1,804.9,28,52.83
U9725,252.1,97.1,75.6,193.8,8.3,835.5,821.4,28,33.4
J4928,164.6,0,150.4,181.6,11.7,1023.3,728.9,28,18.03
E6208,155.6,243.5,0,180.3,10.7,1022,697.7,28,37.36
E3219,160.2,188,146.4,203.2,11.3,828.7,709.7,28,35.31
E4959,298.1,0,107,186.4,6.1,879,815.2,28,42.64
X6454,317.9,0,126.5,209.7,5.7,860.5,736.6,28,40.06
X9740,287.3,120.5,93.9,187.6,9.2,904.4,695.9,28,43.8
O4014,325.6,166.4,0,174,8.9,881.6,790,28,61.24
X2557,355.9,0,141.6,193.3,11,801.4,778.4,28,40.87
V9478,132,206.5,160.9,178.9,5.5,866.9,735.6,28,33.31
S1961,322.5,148.6,0,185.8,8.5,951,709.5,28,52.43
O2466,164.2,0,200.1,181.2,12.6,849.3,846,28,15.09
J1491,313.8,0,112.6,169.9,10.1,925.3,782.9,28,38.46
A8398,321.4,0,127.9,182.5,11.5,870.1,779.7,28,37.27
P9642,139.7,163.9,127.7,236.7,5.8,868.6,655.6,28,35.23
F2444,288.4,121,0,177.4,7,907.9,829.5,28,42.14
Z3707,298.2,0,107,209.7,11.1,879.6,744.2,28,31.88
K7120,264.5,111,86.5,195.5,5.9,832.6,790.4,28,41.54
N4827,159.8,250,0,168.4,12.2,1049.3,688.2,28,39.46
R7074,166,259.7,0,183.2,12.7,858.8,826.8,28,37.92
K7956,276.4,116,90.3,179.6,8.9,870.1,768.3,28,44.28
D1659,322.2,0,115.6,196,10.4,817.9,813.4,28,31.18
L4924,148.5,139.4,108.6,192.7,6.1,892.4,780,28,23.7
I5322,159.1,186.7,0,175.6,11.3,989.6,788.9,28,32.77
D5509,260.9,100.5,78.3,200.6,8.6,864.5,761.5,28,32.4
